hashtag;sys_time;user;location;image_description;image_url;image_type;verificated;publications;followers;followed;comment;date_time
#guillermolasso;2021-03-28T21:08:58.313401;elnoticierotc;;Photo by El Noticiero on March 21| 2021. May be an image of indoor.;https://scontent-lga3-2.cdninstagram.com/v/t51.2885-15/e35/s1080x1080/150600396_236236624876190_925481394642378213_n.jpg?tp=1&_nc_ht=scontent-lga3-2.cdninstagram.com&_nc_cat=102&_nc_ohc=OUNxCTJ-a3oAX80RM3H&ccb=7-4&oh=066257bc7b0d132cfac9bcdbb78624e3&oe=608C1FF9&_nc_sid=4f375e;;;22.194;277k;487;AHORA‚úÖ: El #DebatePresidencialEC üá™üá® inicia por la se√±al de @TCTelevision üì∫.\n-\nLos candidatos #GuillermoLasso y #Andr√©sArauz est√°n listos para presentar sus propuestas m√°s importantes.;2021-03-22T01:02:24.000Z
#guillermolasso;2021-03-28T21:09:24.293887;elnacionalweb;Ecuador;Photo by Diario El Nacional in Ecuador. May be an image of 1 person and text that says 'MUNDO Guillermo Lasso ser√° el rival de Andr√©s Arauz en la segunda vuelta de as presidenciales en Ecuador EN ELNACIONAL'.;https://scontent-lga3-2.cdninstagram.com/v/t51.2885-15/e35/151829529_838814143342197_1230412458173389856_n.jpg?tp=1&_nc_ht=scontent-lga3-2.cdninstagram.com&_nc_cat=109&_nc_ohc=VWtUou2E4MEAX9Vunip&ccb=7-4&oh=bcb432bb0c279ebc098007fa556e9fa6&oe=608A6298&_nc_sid=4f375e;;Verificado;78.813;3.1mm;660;#Mundo | El Consejo Nacional Electoral (CNE) de Ecuador anunci√≥ este viernes que ser√° el candidato conservador por la coalici√≥n Creo-psc| Guillermo Lasso| quien competir√° con Andr√©s Arauz| de Uni√≥n por la Esperanza (UNES)| en la segunda vuelta de las presidenciales| previstas para el 11 de abril.\n\nEl CNE| despu√©s de concluir el escrutinio de 100% de las actas y el recuento de las circunscripciones del exterior| confirm√≥ que Lasso con 19|74% de los votos| es decir 1.829.378 papeletas| fue la segunda propuesta m√°s votada el pasado 7 de febrero| despu√©s de Arauz con m√°s de 32%.\n\nCon este resultado se pone fin| aparentemente| a la enconada disputa que en las √∫ltimas semanas protagoniz√≥ con el candidato del movimiento ind√≠gena Pachakutik Yaku P√©rez| con 19.38% de los votos| quien se resist√≠a a ser la tercera fuerza y acus√≥ al CNE de fraude electoral.\n\nLee esta y otras noticias en nuestra p√°gina web.\n\n#19Feb #GuillermoLasso #Ecuador #Elecciones #Latinoam√©rica #ElNacional;2021-02-20T01:08:22.000Z
#guillermolasso;2021-03-28T21:09:50.074361;elnoticierotc;;Photo by El Noticiero on March 21| 2021. May be an image of 2 people and text.;https://scontent-lga3-2.cdninstagram.com/v/t51.2885-15/e35/162891763_486680845699967_4239791007658729833_n.jpg?tp=1&_nc_ht=scontent-lga3-2.cdninstagram.com&_nc_cat=111&_nc_ohc=rs2WLHET_XMAX9cGCxD&ccb=7-4&oh=1188be8dcf94970e17bd176babe397bf&oe=608B7736&_nc_sid=4f375e;;;22.194;277k;487;üó≥Ô∏è| #DebatePresidencial.\n-\n#GuillermoLasso y #Andr√©sArauz estar√°n frente a frente este domingo desde las 20:00. Los candidatos discutir√°n sus propuestas de campa√±a de cara a la segunda vuelta electoral del pr√≥ximo 11 de abril. No te pierdas la transmisi√≥n de @tctelevision üì∫.;2021-03-21T16:03:05.000Z
#guillermolasso;2021-03-28T21:10:15.795832;elnoticierotc;;Photo by El Noticiero on February 10| 2021. May be an image of 3 people and text.;https://scontent-lga3-2.cdninstagram.com/v/t51.2885-15/e35/s1080x1080/148243069_414566176441046_2996189735574147868_n.jpg?tp=1&_nc_ht=scontent-lga3-2.cdninstagram.com&_nc_cat=102&_nc_ohc=PjSAaqyoZ70AX_WklA8&ccb=7-4&oh=7f344ab9d9e0659b8f62426f97dea045&oe=608C8A1F&_nc_sid=4f375e;;;;;;#ATENCIOÃÅN üî¥| Con actualizacioÃÅn del CNE a las 17H55 el candidato #AndreÃÅsArauz se mantiene liderando las #Elecciones2021Ec  üá™üá® con 32|45% seguido de #GuillermoLasso en segundo lugar con 19|63% y en tercer lugar #YakuPeÃÅrez con 19|62% ‚úçÔ∏è.\n-\nContinuÃÅa informaÃÅndote con @TCTelevision üì∫;2021-02-10T23:12:05.000Z
#guillermolasso;2021-03-28T21:10:41.676313;elnoticierotc;;Photo by El Noticiero on February 07| 2021. May be an image of 3 people and text.;https://scontent-lga3-2.cdninstagram.com/v/t51.2885-15/e35/s1080x1080/148305725_166591168362394_6829680160607463408_n.jpg?tp=1&_nc_ht=scontent-lga3-2.cdninstagram.com&_nc_cat=110&_nc_ohc=6nmpv2mdT0EAX9BPeSp&ccb=7-4&oh=c250d0a8cf65e2b5e28ac62b899c4f5e&oe=608CAB5A&_nc_sid=4f375e;;;22.194;277k;487;#Elecciones2021Ec üá™üá® Seg√∫n datos preliminares de encuestadoras los candidatos presidenciales #GuillermoLasso y #Andr√©sArauz participar√≠an en una ‚Äòsegunda vuelta‚Äô para definir al nuevo presidente del Ecuador üó≥.\n-\nCon estos resultados| las elecciones se definir√°n el pr√≥ximo domingo 11 de abril‚úçÔ∏è.;2021-02-07T22:54:23.000Z
#guillermolasso;2021-03-28T21:11:07.551793;canalrtu;Quito| Ecuador;Photo by RTU in Quito| Ecuador. May be an image of 1 person| hair| outerwear and text that says 'Nacional rtu Noticias Encuesta Cedatos ubica a Lasso en primer lugar con el 29|5% √Ångel Polibio C√≥rdova se refiri√≥ los datos de √∫ltima encuesta electoral por parte de Cedatos. www. canalrtu.tv'.;https://scontent-lga3-2.cdninstagram.com/v/t51.2885-15/fr/e15/s1080x1080/123012577_361174855100705_743773129280352611_n.jpg?tp=1&_nc_ht=scontent-lga3-2.cdninstagram.com&_nc_cat=105&_nc_ohc=bLDdnVMqhpoAX_E4ieS&ccb=7-4&oh=f419ae08ab8ae8d501abc375aa57cc97&oe=608AD892&_nc_sid=4f375e;;;13.100;49.4k;242;üî¥[#ATENCI√ìN] Cedatos ubica a Guillermo Lasso en primer lugar con un 29|5%.\n\nEste martes| 27 de octubre| √Ångel Polibio C√≥rdova se refiri√≥ a los datos de la √∫ltima encuesta electoral por parte de Cedatos.\n\nEsta encuesta le da al candidato presidencial Guillermo Lasso de la Alianza CREO- PSC un 29|5%| mientras tanto le sigue con un 18|8% el candidato corre√≠sta Andr√©s Ar√°uz. En tercer lugar| la encuesta arroj√≥ a Yaku P√©rez con el 9|6%.\n\nC√≥rdova tambi√©n mencion√≥ que hay candidatos que no llegan al 5% y existe un voto oculto menor al 20%.\n\nM√°s detalles üëâ www.canalrtu.tv\n.\n.\n.\n#noticias #noticiasec #ecuador #cedatos #guillermolasso;2020-10-27T14:53:26.000Z
#guillermolasso;2021-03-28T21:11:34.458332;gustav.el.fantasma;;Photo by El Camino Del Fantasma on March 25| 2021. May be a drawing of 2 people.;https://scontent-lga3-2.cdninstagram.com/v/t51.2885-15/e35/s1080x1080/164400600_239574691191297_7023498118387902544_n.jpg?tp=1&_nc_ht=scontent-lga3-2.cdninstagram.com&_nc_cat=109&_nc_ohc=rb4caIDco8QAX8SOEEU&ccb=7-4&oh=261f222eb983c12ad151179ea22ba84a&oe=608B1873&_nc_sid=4f375e;;;99;968;110;"-Remigio da Varagine| ¬øNiegas t√∫ la confesi√≥n que ha hecho tu complice?\n-No... no la niego... ¬°estoy orgulloso de ello! En los doce a√±os que llevo aqu√≠ no he hecho nada m√°s que llenarme la barriga| aumentar mi vileza y arrancar los diezmos a los campesinos hambrientos. Pero ahora| vos me habeis dado la fuerza para recordar aquello en lo que en otro tiempo cre√≠ con toda mi alma| por ello os doy las gracias.\n-¬°¬øPara recordar que cruelmente saqueabas y quemabas las propiedades de la Iglesia?!\n-¬°S√≠!| ¬°para devolv√©rselas al pueblo! A quien vosotros se las hab√≠ais robado anteriormente.\n-¬øY no asesinaste asimismo a obispos y sacerdotes?\n-S√≠... ¬°y os matar√≠a a vosotros si tuviera esa oportunidad!"\n/\n/\n/\n/\n/\n/\n#dibujos #dibujosalapiz #boligrafo #dibujo #ilustracion #politica #andresarauz #guillermolasso #elecciones2021ec #pintura #art #drawing #pencildrawing #pendrawing #pencilart #pen #illustration #policia #police #nolescreounchoto #painting #portrait #retrato #photography #fotografia #gg #arte;2021-03-26T00:25:46.000Z
#guillermolasso;2021-03-28T21:12:00.579826;ebicamacho;;Photo by Ebi Camacho on November 19| 2020. May be an image of 1 person and outerwear.;https://scontent-lga3-2.cdninstagram.com/v/t51.2885-15/e35/126071674_1591895227671320_5503827571967240542_n.jpg?tp=1&_nc_ht=scontent-lga3-2.cdninstagram.com&_nc_cat=108&_nc_ohc=38p2SUvAygoAX8sTB4c&ccb=7-4&oh=31207fefe4720399e51bb60764cd659d&oe=608B453E&_nc_sid=4f375e;;;5.483;34.8k;668;Asi le esperaba ver en el #ParoNacional buen #GuillermoLasso| pero tu & #Paez estaban dando comida & agua a los #Policias para que aguanten & nos maten!.üòè\nDe todo me acuerdo Yo\n#RomoEsLasso\n\n#EbiCamacho;2020-11-19T19:59:20.000Z
#guillermolasso;2021-03-28T21:12:28.839442;feikniustc;Guayaquil| Ecuador;;https://scontent-lga3-2.cdninstagram.com/v/t51.2885-15/e35/148277771_114523107272087_4471032231363627607_n.jpg?tp=1&_nc_ht=scontent-lga3-2.cdninstagram.com&_nc_cat=111&_nc_ohc=zoO54S5pMdwAX_inz93&ccb=7-4&oh=d751176d1aa8b5fe7a2d597734c90000&oe=60636606&_nc_sid=4f375e;video/mp4;;403;40.9k;6.777;#justiciaparaefrainruales\nHan pasado m√°s de 15 d√≠as desde que mataron a #EfraiÃÅnRuales y aun no se tiene una investigaci√≥n claraüò£üíîüïä\n.\n.\n.\n.\n.\n.\n.\n.\n.\n#feiknius #guayaquil #ecuador #elecciones2021ec #Quito #Yakuperez #guillermoLasso;2021-02-11T13:58:11.000Z
#guillermolasso;2021-03-28T21:12:55.114945;jirontv;;;https://scontent-lga3-2.cdninstagram.com/v/t51.2885-15/e35/165530621_202361801249113_8767987778836634291_n.jpg?tp=1&_nc_ht=scontent-lga3-2.cdninstagram.com&_nc_cat=101&_nc_ohc=Jm15T-2ZzLQAX_aju9h&ccb=7-4&oh=6e54e416dee86cc18e32b6b37f4d3363&oe=60637659&_nc_sid=4f375e;video/mp4;;429;3.092;1.620;@guillermolasso @andrespaezec @santiagolasso #lasso #guillermolasso #loja #quito #guayaquil #ecuador #elecciones ##votaciones;2021-03-29T00:12:28.000Z
#guillermolasso;2021-03-28T21:13:21.481453;kodoish;;;https://scontent-lga3-2.cdninstagram.com/v/t51.2885-15/e35/165530621_202361801249113_8767987778836634291_n.jpg?tp=1&_nc_ht=scontent-lga3-2.cdninstagram.com&_nc_cat=101&_nc_ohc=Jm15T-2ZzLQAX_aju9h&ccb=7-4&oh=6e54e416dee86cc18e32b6b37f4d3363&oe=60637659&_nc_sid=4f375e;video/mp4;;2;259;128;@guillermolasso @andrespaezec @santiagolasso #lasso #guillermolasso #loja #quito #guayaquil #ecuador #elecciones ##votaciones;2021-03-29T00:12:23.000Z
#guillermolasso;2021-03-28T21:13:47.450938;aamisprimitos;;Photo by Adoro a mis Primitos on March 28| 2021. May be a Twitter screenshot of 1 person and text that says '13:05 Tweet Andr√©s Arauz @ecuarauz Con congelaci√≥n de activos ser√≠a excelente para prevenir la fuga de capitales... 20:55 25/6/12 Twitter for BlackBerry¬Æ 300 Retweets 546 Tweets citados 204 Me gusta'.;https://scontent-lga3-2.cdninstagram.com/v/t51.2885-15/e35/165627000_1148792888966333_5726496140664940728_n.jpg?tp=1&_nc_ht=scontent-lga3-2.cdninstagram.com&_nc_cat=105&_nc_ohc=ZMx7BQ6LFJoAX-UAjPS&ccb=7-4&oh=e22e3857638e97399a80db10cc3edccb&oe=608A975B&_nc_sid=4f375e;;;256;26;3;#DebatePresidencial #DebatePresidencialEc #debatepresidencial2021 #ecuadorüá™üá® #Ecuador #lassoluci√≥n2021 #AndresNoMientasOtraVez #Lasso üë† #andresnomientasotravez #EleccionPresidencial #lelo #LeloArauz #BancoCentral #LassoPresidente #GuillermoLasso #Lelonomientas #TodosConLasso #Lassolucion #AndresNoBorresOtraVez;2021-03-28T23:50:40.000Z
#guillermolasso;2021-03-28T21:14:17.231642;aamisprimitos;;Photo by Adoro a mis Primitos on March 28| 2021. May be an image of one or more people and text that says 'Yo sabia que lo hab√≠a visto por Santo Domingo'.;https://scontent-lga3-2.cdninstagram.com/v/t51.2885-15/e35/166206537_431019284664737_7974608011201181635_n.jpg?tp=1&_nc_ht=scontent-lga3-2.cdninstagram.com&_nc_cat=105&_nc_ohc=Kzn_hdgCq1YAX8RJeqi&ccb=7-4&oh=ed12751708efa4ce4e9682708dbe4c06&oe=608B35A6&_nc_sid=4f375e;;;256;26;3;#DebatePresidencial #DebatePresidencialEc #debatepresidencial2021 #ecuadorüá™üá® #Ecuador #lassoluci√≥n2021 #AndresNoMientasOtraVez #Lasso üë† #andresnomientasotravez #EleccionPresidencial #lelo #LeloArauz #BancoCentral #LassoPresidente #GuillermoLasso #Lelonomientas #TodosConLasso #Lassolucion #AndresNoBorresOtraVez;2021-03-28T23:50:01.000Z
#guillermolasso;2021-03-28T21:14:45.200241;aamisprimitos;;;https://scontent-lga3-2.cdninstagram.com/v/t51.2885-15/e35/165598893_3620550924720271_8940939087122044895_n.jpg?tp=1&_nc_ht=scontent-lga3-2.cdninstagram.com&_nc_cat=107&_nc_ohc=9Zk3WVut0pQAX8ZDKjE&ccb=7-4&oh=668ce0dc1a31568db6289b5ec4571f09&oe=6063A42D&_nc_sid=4f375e;video/mp4;;256;26;3;#DebatePresidencial #DebatePresidencialEc #debatepresidencial2021 #ecuadorüá™üá® #Ecuador #lassoluci√≥n2021 #AndresNoMientasOtraVez #Lasso üë† #andresnomientasotravez #EleccionPresidencial #lelo #LeloArauz #BancoCentral #LassoPresidente #GuillermoLasso #Lelonomientas #TodosConLasso #Lassolucion #AndresNoBorresOtraVez;2021-03-28T23:47:14.000Z
#guillermolasso;2021-03-28T21:15:10.963715;aamisprimitos;;Photo by Adoro a mis Primitos on March 28| 2021. May be a meme of 1 person and text that says 'Nadie puede pedir 10 a√±os de permiso en un trabajo El Andr√©s'.;https://scontent-lga3-2.cdninstagram.com/v/t51.2885-15/e35/166638084_2033243733484493_2478672740183194147_n.jpg?tp=1&_nc_ht=scontent-lga3-2.cdninstagram.com&_nc_cat=105&_nc_ohc=fU0UKTo7shwAX9fsZVl&ccb=7-4&oh=c1d803b9c8af601062a307d6bfd92dc8&oe=6089DBC0&_nc_sid=4f375e;;;256;26;3;#DebatePresidencial #DebatePresidencialEc #debatepresidencial2021 #ecuadorüá™üá® #Ecuador #lassoluci√≥n2021 #AndresNoMientasOtraVez #Lasso üë† #andresnomientasotravez #EleccionPresidencial #lelo #LeloArauz #BancoCentral #LassoPresidente #GuillermoLasso #Lelonomientas #TodosConLasso #Lassolucion #AndresNoBorresOtraVez;2021-03-28T23:42:16.000Z
#andresnomientasotravez;2021-03-28T21:20:02.437386;aguantamijin;;;https://scontent-lga3-2.cdninstagram.com/v/t51.2885-15/e35/162564607_271616671187724_128338361873727451_n.jpg?tp=1&_nc_ht=scontent-lga3-2.cdninstagram.com&_nc_cat=100&_nc_ohc=pa3JHB-XpZMAX-tW0wv&ccb=7-4&oh=9dce348fb66d85c5ab0b96fc8f95190b&oe=6063A209&_nc_sid=4f375e;video/mp4;;837;10.4k;914;No dijo nada| Nadaaaaa\n\n#andresnomientasotravez;2021-03-22T03:59:10.000Z
#andresnomientasotravez;2021-03-28T21:20:28.888899;aguantamijin;;;https://scontent-lga3-2.cdninstagram.com/v/t51.2885-15/e35/165222054_353301769354825_8482902285242510582_n.jpg?tp=1&_nc_ht=scontent-lga3-2.cdninstagram.com&_nc_cat=101&_nc_ohc=mypUSASKZvQAX-9SHS7&ccb=7-4&oh=87eda79eda2a469f36d36cceab22ba80&oe=60635E7D&_nc_sid=4f375e;video/mp4;;837;10.4k;914;La verdad siempre saldr√° a la Luz üëÇ\n\n#andresnomientasotravez #morenoesarauz #noalcorreismo;2021-03-26T19:56:42.000Z
#andresnomientasotravez;2021-03-28T21:20:54.971391;aguantamijin;;;https://scontent-lga3-2.cdninstagram.com/v/t51.2885-15/e35/164527539_272449181079437_1635518539510949566_n.jpg?tp=1&_nc_ht=scontent-lga3-2.cdninstagram.com&_nc_cat=105&_nc_ohc=jnpOwuMsXdoAX_j_mvh&ccb=7-4&oh=07c86c58be78ab7a48b6edc5db9d270f&oe=60635467&_nc_sid=4f375e;video/mp4;;837;10.4k;914;El que dice que ama al pa√≠s ü§°\n\n#arauzesmoreno\n#andresnomientasotravez;2021-03-26T12:03:23.000Z
#andresnomientasotravez;2021-03-28T21:21:20.739865;aguantamijin;;;https://scontent-lga3-2.cdninstagram.com/v/t51.2885-15/e35/163077000_736605500386279_5889502847677595554_n.jpg?tp=1&_nc_ht=scontent-lga3-2.cdninstagram.com&_nc_cat=107&_nc_ohc=qZRM3sI-BZsAX_9qtaC&ccb=7-4&oh=4ca9c1cef8eb736b307ac0263160099f&oe=606340FE&_nc_sid=4f375e;video/mp4;;837;10.4k;914;Candidato a la presidencia üá™üá®\n#andresnomientasotravez;2021-03-22T18:27:22.000Z
#andresnomientasotravez;2021-03-28T21:21:46.674348;fernandovillavicencioec;;;https://scontent-lga3-2.cdninstagram.com/v/t51.2885-15/e35/164979972_150861430269419_8798078092152301716_n.jpg?tp=1&_nc_ht=scontent-lga3-2.cdninstagram.com&_nc_cat=111&_nc_ohc=lRR1N92bay4AX_mBdGM&ccb=7-4&oh=6ba44310f84785eb8018536729173637&oe=606355D8&_nc_sid=4f375e;video/mp4;;172;1.966;42;Impresentable llevarse 27 lucas en plena pandemia| cuando no hab√≠a dinero para pagar a los m√©dicos. Y m√°s impresentable haber trabajado para el peor gobierno de la historia. #AndresNoMientasOtraVez;2021-03-26T21:51:13.000Z
#andresnomientasotravez;2021-03-28T21:22:12.721838;aguantamijin;;;https://scontent-lga3-2.cdninstagram.com/v/t51.2885-15/e35/164205535_3683872305068764_7932212688936637434_n.jpg?tp=1&_nc_ht=scontent-lga3-2.cdninstagram.com&_nc_cat=104&_nc_ohc=hloFU5XCst0AX_f7uTC&ccb=7-4&oh=7942d3fb620296e70ce59160d2d6b84f&oe=60635F35&_nc_sid=4f375e;video/mp4;;837;10.4k;914;Tanto que cr√≠tico al gobierno de Moreno y son lo mismo\nArauz es Moreno üí• #andresnomientasotravez #ecuadorreacciona;2021-03-26T14:38:32.000Z
#andresnomientasotravez;2021-03-28T21:22:38.607319;memes_politicos_ecuador;Ecuador;;https://scontent-lga3-2.cdninstagram.com/v/t51.2885-15/e35/164090326_122091109891332_845126519547788565_n.jpg?tp=1&_nc_ht=scontent-lga3-2.cdninstagram.com&_nc_cat=100&_nc_ohc=hAapFk8ZON0AX8I1ITV&ccb=7-4&oh=f8cec2f222f0291fd2ec8a790b6ea383&oe=6063B713&_nc_sid=4f375e;video/mp4;;336;1.482;744;#andr√©snomientasotravez #andresnomientasotravez;2021-03-25T14:38:23.000Z
#andresnomientasotravez;2021-03-28T21:23:04.393794;memes_politicos_ecuador;Ecuador;;https://scontent-lga3-2.cdninstagram.com/v/t51.2885-15/e35/164043357_826581364594214_3638055890961244657_n.jpg?tp=1&_nc_ht=scontent-lga3-2.cdninstagram.com&_nc_cat=102&_nc_ohc=HUiNcPG6ZiUAX9TnXXu&ccb=7-4&oh=7b805fd1ab6dd839303b3d3becd3d369&oe=60636EF3&_nc_sid=4f375e;video/mp4;;336;1.482;744;#andresnomientasotravez #lassopresidente2021 #elecciones2021ec;2021-03-24T01:38:56.000Z
#andresnomientasotravez;2021-03-28T21:23:30.319277;corruptosecuador;;;https://scontent-lga3-2.cdninstagram.com/v/t51.2885-15/e35/162400367_250347783496556_20274363455121378_n.jpg?tp=1&_nc_ht=scontent-lga3-2.cdninstagram.com&_nc_cat=108&_nc_ohc=2Y0fRBq3AA4AX_m5VO9&ccb=7-4&oh=fe9687810d6d49a3dba7eb88af691367&oe=6063B5CE&_nc_sid=4f375e;video/mp4;;283;11.6k;7;DEBATE PRESIDENCIAL üî¥üî¥üî¥\nGuillermo Lasso es tendencia con su frase "No Andr√©s| no mientas otra vez".\n\nEn redes sociales existen cientos de memes tras el debate presidencial desarrollado la noche de este domingo.\n\n¬øQui√©n crees que gan√≥ el debate?\nüî¥Guillermo Lasso\nüî¥Andr√©s Arauz\n.\n.\n.\n.\n.\n.\n.\n.\n.\n.\n\n#Andr√©sNoMientasOtraVez #AndresNoMientasOtraVez #DebatePresidencial #SegundaVuelta #Ecuador #GuillermoLasso #AndresArauz #Creo21 #Unes #Quito #Guayaquil #instamood #Instagram #Politica #news;2021-03-22T03:36:59.000Z
#andresnomientasotravez;2021-03-28T21:23:56.097751;jessicaorellanam;Cotopaxi National Park;Photo by Jessica Orellana on March 28| 2021. May be an image of 1 person| standing| snow and nature.;https://scontent-lga3-2.cdninstagram.com/v/t51.2885-15/e35/s1080x1080/166441773_899026910645080_976098883478993238_n.jpg?tp=1&_nc_ht=scontent-lga3-2.cdninstagram.com&_nc_cat=104&_nc_ohc=NyNyZHpotUQAX906PWx&ccb=7-4&oh=8d8aaf34ce05f1257ac882877b32d9cc&oe=608C1E26&_nc_sid=4f375e;;;992;2.116;1.707;#allyouneedisecuador\nEl Refugio Jos√© Rivas siempre estuvo en mi lista de lugares por conocer... Tenemos el pa√≠s m√°s hermoso del mundo| con un potencial tur√≠stico impresionante üòçüá™üá®\nPD: incluso all√° arriba la gente dec√≠a #AndresNoMientasOtraVez üòÇ\n#encontr√©monosparalograrlo\n#cotopaxi;2021-03-29T02:06:29.000Z
#andresnomientasotravez;2021-03-28T21:24:21.811222;perreorock;;;https://scontent-lga3-2.cdninstagram.com/v/t51.2885-15/e35/165283218_116419060528787_3992476408498135390_n.jpg?tp=1&_nc_ht=scontent-lga3-2.cdninstagram.com&_nc_cat=111&_nc_ohc=8jlZKeUYAysAX_eyHgC&ccb=7-4&oh=3cfc53eca35b96586599d6fbd67cd65b&oe=6063C40D&_nc_sid=4f375e;video/mp4;;2.490;1.059;1.168;Palanqueo del lelo Arauz #andresnomientasotravez;2021-03-29T02:00:09.000Z
#andresnomientasotravez;2021-03-28T21:24:47.501691;andyzisa;;;https://scontent-lga3-2.cdninstagram.com/v/t51.2885-15/e35/165754440_288826085932510_2628191057250395250_n.jpg?tp=1&_nc_ht=scontent-lga3-2.cdninstagram.com&_nc_cat=110&_nc_ohc=u-Fex__QA30AX_zxH-E&ccb=7-4&oh=226d27501345a9b8899b9c858b74c056&oe=6063D9BB&_nc_sid=4f375e;video/mp4;;1.055;1.094;1.504;#AndresAsustadoTeVeo\n#AndresNoMientasOtraVez;2021-03-29T01:53:05.000Z
#andresnomientasotravez;2021-03-28T21:25:13.213162;k_copinvera;;Photo by K-co üêΩ on March 28| 2021. May be an image of 1 person| balloon and indoor.;https://scontent-lga3-2.cdninstagram.com/v/t51.2885-15/e35/165953543_2824807567784314_7989915701694947168_n.jpg?tp=1&_nc_ht=scontent-lga3-2.cdninstagram.com&_nc_cat=110&_nc_ohc=6kpIjt8xI8oAX8Zz6iL&ccb=7-4&oh=27502b7f673b9acd857b30ec954db06f&oe=6089F0A0&_nc_sid=4f375e;;;19;485;771;Conchesuüòñüòñüòñ YA SON 21\n#sumare #hbtomeüéâ #alvarito #andresnomientasotravez;2021-03-29T01:46:10.000Z
#andresnomientasotravez;2021-03-28T21:25:38.819626;rainbow_cloth27;;Photo by Rainbow Cloth on March 28| 2021. May be an image of one or more people and text that says 'ANDR√âS. NO MIENTAS OTRA VEZ'.;https://scontent-lga3-2.cdninstagram.com/v/t51.2885-15/e35/166113960_1141398322940959_6709179456159486217_n.jpg?tp=1&_nc_ht=scontent-lga3-2.cdninstagram.com&_nc_cat=107&_nc_ohc=SUvcOyQBgZgAX-sTxZ6&ccb=7-4&oh=bea4b184abd228d21a29da75757ebf38&oe=608BB770&_nc_sid=4f375e;;;19;77;11;Y como todo se pone de moda ‚ò∫Ô∏èü§© Andr√©s no mientas otra vez ü§ô\n\nEnv√≠os a todo el pa√≠s üá™üá®\n\nRecuerda podemos hacer en camiseta de hombre y de mujer\n\n#camisetas #mujeres #somosrainbowcloth #tiendaonlineecuador #shopping #siguenos #likesforlike #envios #ecuador #style #bueatiful #enviosnacionales #entregasadomicilio #comodidad #andresnomientasotravez;2021-03-29T01:42:51.000Z
#andresnomientasotravez;2021-03-28T21:26:04.398089;movimientoccec;;Photo shared by Movimiento Cambio Ciudadano on March 28| 2021 tagging @mariocuvi| @creoecuador| and @mae.montano_. May be an image of 9 people and text that says '#Andr√©sAsustadoTeVeo Áî® " BASTA DE CAMPA√ëA SUCIA" REPARTO DELASSO YakuP LA CAMPANA SUCIA DE ARAUZ'.;https://scontent-lga3-2.cdninstagram.com/v/t51.2885-15/e35/165950063_311801827033565_834073773212889331_n.jpg?tp=1&_nc_ht=scontent-lga3-2.cdninstagram.com&_nc_cat=105&_nc_ohc=q3XCpRj8VigAX-1CKz3&ccb=7-4&oh=c0569aa0ccbb12f3845d2d5318a511ed&oe=608B2C8E&_nc_sid=4f375e;;;17;70;54;Est√°n desesperados... Andr√©s asustado te veo.\n#AndresAsustadoTeVeo\n#AndresNoMientasOtraVez;2021-03-29T01:22:50.000Z
#andresarauz;2021-03-28T21:32:42.160840;feikniustv;Quito;;https://scontent-lga3-2.cdninstagram.com/v/t51.2885-15/e35/143471589_408327510399782_564237028482727947_n.jpg?tp=1&_nc_ht=scontent-lga3-2.cdninstagram.com&_nc_cat=102&_nc_ohc=UT0fpkFL8MIAX8N2Msy&ccb=7-4&oh=a213ef1000bd2794458be0db0600c9d0&oe=6063B104&_nc_sid=4f375e;video/mp4;;231;40.5k;4;üé¨ VICTOR entrevista a su primo #AndresArauz üòÖ\n-\nüëÄ Ser√° el pr√≥ximo presidente del #Ecuador ü§î\n.\n.\n.\n.\n.\n\n#noticiasecuador #eleccionesecuador #elecciones2021ec #quito #guayaquil #memesecuador #humorecuatoriano;2021-01-26T19:46:58.000Z
#andresarauz;2021-03-28T21:33:08.097324;chochomonge;Guayaquil| Ecuador;Photo by Luis Monge Espinel in Guayaquil| Ecuador with @ecuarauz. May be an image of 2 people and text that says 'CENTRO Ara Rabas vota todo'.;https://scontent-lga3-2.cdninstagram.com/v/t51.2885-15/e35/136185540_805394153391374_6239161567892245081_n.jpg?tp=1&_nc_ht=scontent-lga3-2.cdninstagram.com&_nc_cat=102&_nc_ohc=xb_SZVUkYGsAX_Bpkrj&ccb=7-4&oh=fba26cb17cf2a8821dbdf69ec2657ddd&oe=6089C714&_nc_sid=4f375e;;Verificado;5.658;13.8k;911;¬°Guayaquil es 1!\n\n#ArauzPresidente;2021-01-09T17:43:27.000Z
#andresarauz;2021-03-28T21:33:33.714789;sofiaespinrcec;;Photo by SofiÃÅa EspiÃÅn on December 23| 2020. May be an image of 2 people| outerwear and text that says 'vota todo 1 PRESIDENTE Andr√©s Arauz Arauz Andr√©s Arauz RESIDEN'.;https://scontent-lga3-2.cdninstagram.com/v/t51.2885-15/e35/132190900_212065563809650_6580047393192736618_n.jpg?tp=1&_nc_ht=scontent-lga3-2.cdninstagram.com&_nc_cat=110&_nc_ohc=k49lp3a425MAX9tPdv1&ccb=7-4&oh=2781712da33329c2f5ae9287e3c4c6d9&oe=608A7709&_nc_sid=4f375e;;;172;1.748;151;Todos juntos para recuperar la Patria ‚úäüß°\n\n#BinomioArauzRabascall #BinomioDeLaEsperanza #RafaelCorrea #AndresArauz;2020-12-24T01:41:56.000Z
#andresarauz;2021-03-28T21:33:59.821282;ebicamacho;;;https://scontent-lga3-2.cdninstagram.com/v/t51.2885-15/e35/155305312_777636256487840_7057512008030853908_n.jpg?tp=1&_nc_ht=scontent-lga3-2.cdninstagram.com&_nc_cat=108&_nc_ohc=RPRL7fNogskAX_QesP6&ccb=7-4&oh=effb6c1403b4a2846bbb4a222f324afa&oe=6063DC15&_nc_sid=4f375e;video/mp4;;5.483;34.8k;668;#AndresArauz\n\nAl fin te escucho hablando claro| sin miedo...\n#EbiCamacho;2021-03-01T18:28:37.000Z
#andresarauz;2021-03-28T21:34:25.389744;ebicamacho;;Photo by Ebi Camacho on March 11| 2021. May be an image of 3 people| people sitting| people standing and indoor.;https://scontent-lga3-2.cdninstagram.com/v/t51.2885-15/e35/159688516_146676300660255_7008888024628877560_n.jpg?tp=1&_nc_ht=scontent-lga3-2.cdninstagram.com&_nc_cat=103&_nc_ohc=dsL6TqpbGCwAX8lx-VC&ccb=7-4&oh=24e1a03a76aabc62e505a0d5641bd1e5&oe=6089991B&_nc_sid=4f375e;;;5.483;34.8k;668;#AndresArauz\nLo dijo muy claro| su Asesor sera #RafaelCorrea & aqui estan juntos...\n\n#EbiCamacho;2021-03-12T01:33:31.000Z
#andresarauz;2021-03-28T21:34:51.173219;andresarauzpresidente;;Photo by Andr√©s Arauz presidente on August 22| 2020. May be an image of text that says 'M√ÅS CLARO IMPOSIBLE Andr√©s Arauz presidente'.;https://scontent-lga3-2.cdninstagram.com/v/t51.2885-15/e35/118168865_337403490749893_7118921004219610243_n.jpg?tp=1&_nc_ht=scontent-lga3-2.cdninstagram.com&_nc_cat=101&_nc_ohc=NJQ9jreN_7UAX8S3rEz&ccb=7-4&oh=7b31ef57fd2cb43a4b5bc0757ee42ea2&oe=608B3605&_nc_sid=4f375e;;;425;16.7k;7.551;#andresarauz #rafaelcorreadelgado;2020-08-22T20:31:26.000Z
#andresarauz;2021-03-28T21:35:16.721680;gustav.el.fantasma;;Photo by El Camino Del Fantasma on March 25| 2021. May be a drawing of 2 people.;https://scontent-lga3-2.cdninstagram.com/v/t51.2885-15/e35/s1080x1080/164400600_239574691191297_7023498118387902544_n.jpg?tp=1&_nc_ht=scontent-lga3-2.cdninstagram.com&_nc_cat=109&_nc_ohc=rb4caIDco8QAX8SOEEU&ccb=7-4&oh=261f222eb983c12ad151179ea22ba84a&oe=608B1873&_nc_sid=4f375e;;;99;968;110;"-Remigio da Varagine| ¬øNiegas t√∫ la confesi√≥n que ha hecho tu complice?\n-No... no la niego... ¬°estoy orgulloso de ello! En los doce a√±os que llevo aqu√≠ no he hecho nada m√°s que llenarme la barriga| aumentar mi vileza y arrancar los diezmos a los campesinos hambrientos. Pero ahora| vos me habeis dado la fuerza para recordar aquello en lo que en otro tiempo cre√≠ con toda mi alma| por ello os doy las gracias.\n-¬°¬øPara recordar que cruelmente saqueabas y quemabas las propiedades de la Iglesia?!\n-¬°S√≠!| ¬°para devolv√©rselas al pueblo! A quien vosotros se las hab√≠ais robado anteriormente.\n-¬øY no asesinaste asimismo a obispos y sacerdotes?\n-S√≠... ¬°y os matar√≠a a vosotros si tuviera esa oportunidad!"\n/\n/\n/\n/\n/\n/\n#dibujos #dibujosalapiz #boligrafo #dibujo #ilustracion #politica #andresarauz #guillermolasso #elecciones2021ec #pintura #art #drawing #pencildrawing #pendrawing #pencilart #pen #illustration #policia #police #nolescreounchoto #painting #portrait #retrato #photography #fotografia #gg #arte;2021-03-26T00:25:46.000Z
#andresarauz;2021-03-28T21:35:42.455152;andresarauzpresidente;;Photo by Andr√©s Arauz presidente on August 27| 2020. May be an image of 1 person and text that says 'ANDRES ARAUZ PRESIDENTE ES OFICIAL RAFAEL CORREA TIENE INMUNIDAD ELECTORAL Y VENDR√Å A ECUADOR LOS PR√ìXIMOS D√çAS.'.;https://scontent-lga3-2.cdninstagram.com/v/t51.2885-15/e35/118248220_330783281396441_3805981828824152901_n.jpg?tp=1&_nc_ht=scontent-lga3-2.cdninstagram.com&_nc_cat=105&_nc_ohc=p0HJ9a1f0AIAX99FLaj&ccb=7-4&oh=665d8459619eb776ce79e886aad9b35f&oe=608A6F04&_nc_sid=4f375e;;;425;16.7k;7.551;#andresarauz #rafaelcorrea vuelve la esperanza;2020-08-27T21:51:43.000Z
#andresarauz;2021-03-28T21:36:08.216626;integracion_ciudadana;Ecuador|Guayaquil;Rafael correa delgado;https://scontent-lga3-2.cdninstagram.com/v/t51.2885-15/e35/163596177_146399647375662_2185603036626632934_n.jpg?tp=1&_nc_ht=scontent-lga3-2.cdninstagram.com&_nc_cat=106&_nc_ohc=AndgOlcbFTMAX8nifah&ccb=7-4&oh=b8b1a79a816e0f152035ba6b32c995ed&oe=608910C7&_nc_sid=4f375e;;;223;13.4k;3.850;#RafaelCorrea - Inna Afinogenova.ü§™\n\n#AndresArauz #CarlosRabascall #RafaelCorrea #RafaelCorreaDelgado #RafaelCorrea #RafaelCorrea #RAFAELCORREA #jorgeglas #revolucionciudadana #mashirafaelcorrea #ECUADOR #correa #RafaelCorrea #RafaelCorreaDelgado #manta #QUITO #GUAYAQUIL #manabi #loja #daule #RAFAELCORREA #REVOLUCIONCIUDADANA #mashirafaelcorrea #RafaelCorreaDelgado #RafaelCorrea #RAFAELCORREA #correa #revolucionciudadana #rafelcorrea #ecuador #rafelcorrea #ANDRESARAUZ #CarlosRabascall #JorgeGlas #ecuador #RAFAELCORREA #REVOLUCIONCIUDADANA #mashirafaelcorrea #RafaelCorreaDelgado #RafaelCorrea #manta #quito #GUAYAQUIL #manabi #loja #daule #mashirafaelcorrea #ECUADOR #correa #RafaelCorrea #RafaelCorreaDelgado #manta #RAFAELCORREA #ANDRESARAUZ #ARAUZ #RABASCALL #Glas #RAFAELCORREA #correa #RafaelCorrea #RafaelCorreaDelgado #correa #ANDRESARAUZ #CarlosRabascall #correa #RafaelCorrea #ANDRESARAUZ #ARAUZ##\n#RABASCALL #CarlosRabascall #ecuador #quito #GUAYAQUIL #manabi #RAFAELCORREA #REVOLUCIONCIUDADANA #mashirafaelcorrea #RafaelCorreaDelgado #RafaelCorrea #ANDRESARAUZ #ARAUZ #RABASCALL #CarlosRabascall #ecuador #rafelcorrea #ANDRESARAUZ #CarlosRabascall #JorgeGlas #ecuador #RAFAELCORREA #correa #REVOLUCIONCIUDADANA #mashirafaelcorrea #ANDRESARAUZ #RafaelCorrea #correa #RafaelCorreaDelgado #CarlosRabascall #JorgeGlas #RafaelCorrea #mashirafaelcorrea #RafaelCorreaDelgado #ANDRESARAUZ #CarlosRabascall #RafaelCorrea #correa #ARAUZ #RafaelCorrea #RafaelCorreaDelgado #correa;2021-03-24T15:12:48.000Z
#andresarauz;2021-03-28T21:36:33.744086;victormedinamera;;Photo by Victor Medina on March 28| 2021. May be an image of 8 people and people standing.;https://scontent-lga3-2.cdninstagram.com/v/t51.2885-15/e35/s1080x1080/165621513_835834360480507_901313745377331226_n.jpg?tp=1&_nc_ht=scontent-lga3-2.cdninstagram.com&_nc_cat=107&_nc_ohc=QfB8L6C6pCEAX8dL29q&ccb=7-4&oh=8ec546ba029f0cb802db0a9bef2acb3b&oe=608A400D&_nc_sid=4f375e;;;464;1.211;794;¬°Somos 1 gran equipo!\nQueremos un üá™üá® sano y por eso contribuimos con nuestras brigadas de pruebas r√°pidas para detecci√≥n de covid-19 que llegan a todos los rincones de nuestro #Daule querido.\nAdem√°s escuchamos las necesidades de nuestros hermanos agroproproductores| amas de casas| trabajadores| nuestros j√≥venes y al pueblo en general.\nLlevamos el mensaje de esperanza y las razones del porqu√© debemos recuperar la Patria el #11A| #AndresArauz y #CarlosRabascall son la √∫nica opci√≥n para volver a tener un pa√≠s prospero| en v√≠a de desarrollo| con empleos dignos| productividad| derechos y obras.\nSomos ECüá™üá®\nEsperanza por el cambio.\nEste 11 de abril| TODO| TODITO LISTA 1.;2021-03-29T02:12:50.000Z
#andresarauz;2021-03-28T21:36:59.378552;vptecuador;;Photo by Plataforma Va por ti Ecuador on March 28| 2021. May be an image of text that says 'ASAMBLEA POPULAR Nro. 80 Extraordinaria Urgente Lunes 29 Marzo 20H30 (hora de Ecuador) 1. C√≥mo apoyar a ANDR√âS ARAUZ ante la Corte Constitucional #LaRefiner√≠aEsNuestra 2. C√≥mo hacer una eficaz campana en territorio. zoom Solicitar acceso 0995 20 62 40 vptecuador@gmail.com PLATAFORMAVO por ti ECUADOR'.;https://scontent-lga3-2.cdninstagram.com/v/t51.2885-15/e35/165485739_1114869105648503_5569191793212972422_n.jpg?tp=1&_nc_ht=scontent-lga3-2.cdninstagram.com&_nc_cat=111&_nc_ohc=sUF7ENYprtQAX8B3EPy&ccb=7-4&oh=5513b56967f4ff28cd525836c6644826&oe=6089F366&_nc_sid=4f375e;;;93;27;15;üî∞ASAMBLEA POPULAR Nro. 80üî∞\nüî¥Extraordinaria y urgente.\n\n1Ô∏è‚É£C√≥mo apoyar a #AndresArauz @ecuarauz ante la Corte Constitucional - #LaRefiner√≠aEsNuestra\n2Ô∏è‚É£C√≥mo hacer una eficaz campa√±a en territorio.\n\nüóìÔ∏è Lunes 29 de Marzo 2021\nüï£ 20H30 hora de #Ecuadorüá™üá®\n\nV√≠a üì≤ZOOMüíª\nSolicitar acceso a:\nWhatsapp: 0995206240\nEmail: vptecuador@gmail.com;2021-03-29T02:09:42.000Z
#andresarauz;2021-03-28T21:37:25.148026;corruptosecuador;;;https://scontent-lga3-2.cdninstagram.com/v/t51.2885-15/e35/165298461_720610971938517_1466864743836947423_n.jpg?tp=1&_nc_ht=scontent-lga3-2.cdninstagram.com&_nc_cat=109&_nc_ohc=rw60Cf6hK7wAX9oIHkF&ccb=7-4&oh=51c445f5768633cd57a5c60f2f1a99db&oe=6063CC49&_nc_sid=4f375e;video/mp4;;283;11.6k;7;LA MADRE DE SUSANA GONZ√ÅLEZ| FALLECI√ì HOY| POR COVID-19üî¥üî¥üî¥\n\nLa madre de la Prefecta del Guayas| Susana Gonz√°lez| falleci√≥ este domingo| despu√©s de varios d√≠as de lucha| tras contagiarse de #covid19.\n\nPol√≠ticos| periodistas y otros gremios env√≠an mensajes de solidaridad| a trav√©s de redes sociales.\n\nEl n√∫mero de muertes por el coronavirus se ha incrementando en las √∫ltimas horas| las salas de UCI est√°n 100% llenas en varios hospitales del pa√≠s y hasta el momento| se esperan medidas m√°s duras para palear la crisis sanitaria que se ha fortalecido| de acuerdo a una variante inglesa que se registra en la provincia del Guayas| siendo la ciudad de Guayaquil la m√°s afectada.üî¥üî¥üî¥\n\n\n.\n.\n.\n.\n.\n.\n.\n.\n.\n.\n.\n.\n.\n.\n.\n.\n\n#politica #luto #SusanaG√≥nzalez #Ecuador #covid19 #coronavirus #Guayas #Guayaquil #Pandemia #instagram #instamood #news #GuillermoLasso #AndresArauz;2021-03-29T02:08:44.000Z
#andresarauz;2021-03-28T21:37:50.790493;centro.democratico.azuay;;Photo by @centro.democratico.azuay on March 28| 2021. May be an image of 5 people| people sitting and people standing.;https://scontent-lga3-2.cdninstagram.com/v/t51.2885-15/e35/s1080x1080/165473965_801598184097987_4135430359245709102_n.jpg?tp=1&_nc_ht=scontent-lga3-2.cdninstagram.com&_nc_cat=103&_nc_ohc=eOAmpJAGL2UAX_lp7BG&ccb=7-4&oh=7e7564f1ff7e7aec3432d8f14c19934b&oe=608AB869&_nc_sid=4f375e;;;55;196;78;Momentos que nos dicen que estamos cerca de recuperar la Patria #AndresArauz en Cuenca.\n\nJimmy Jairala Enrique Menoscal Vera\n#BinomioDeLaEsperanza #rabascallvicepresidente #AndresArauzPresidente2021 #AzuayEs1 #Cuenca #esperanza #SegundaVuelta @jimmyjairala;2021-03-29T02:02:18.000Z
#andresarauz;2021-03-28T21:38:16.424959;renaces.ec;;Photo by #Renaces.Ec on March 28| 2021. May be an image of 4 people| people standing and road.;https://scontent-lga3-2.cdninstagram.com/v/t51.2885-15/e35/166289571_468967527481785_168808544119372065_n.jpg?tp=1&_nc_ht=scontent-lga3-2.cdninstagram.com&_nc_cat=109&_nc_ohc=ko90xWZPmzwAX9uG_33&ccb=7-4&oh=5fee72bbf9b4d39c759d25f08c61e15d&oe=608B946E&_nc_sid=4f375e;;;99;140;310;#Guayas Unidos M√°s que nunca por el #BinomiodelaEsperanza #AndresArauz y #CarlosRabascall.\nGracias a los #Distrito1 #Distrito2 #Distrito3 y #Ditrito4 que estuvieron en el Punto Naranja del peaje v√≠a a Daule| incentivando a la ciudadan√≠a que voten este #11A #TodoTodito1 con #ArauzPresidente y #RabascallVicepresidente #MipanaAndr√©s #MashiRafael #Setratadetodos #VamosARecuperarlaPatria;2021-03-29T00:55:02.000Z
#andresarauz;2021-03-28T21:38:41.945419;jovenes_eps;;Photo by J√≥venes Vamos Juntos EPS on March 28| 2021. May be an image of 1 person| standing| outdoors and text that says 'VAMOS JUNTOS EPS Todos Somos Arauz- Rabascall Ahlaga Polaca Sede provincial Tungurahua Edici√≥ns Pa√∫l Pa√∫lTelenchana misariLo Â∑ù 1 f Estructura de Acci√≥n Social EPS f J√≥venes Vamos Juntos EPS @Jovenes_eps @epsacciontungurahua'.;https://scontent-lga3-2.cdninstagram.com/v/t51.2885-15/fr/e15/s1080x1080/165283488_751039058931596_382218045877313476_n.jpg?tp=1&_nc_ht=scontent-lga3-2.cdninstagram.com&_nc_cat=108&_nc_ohc=rWT7TETXwS8AX_ZYPTs&ccb=7-4&oh=ed05024ad5183af401ebaf8ca85bb8b8&oe=608B6C39&_nc_sid=4f375e;;;36;45;27;üö∂‚Äç‚ôÇüö∂‚Äç‚ôÄEstamos caminando por todo el Ecuador. Llevamos las propuestas| puerta a puerta.\n#Andr√©sGanasteOtraVez\n#joveneseps\n#ContigoConTodosAhora\n#AndresArauzpresidente\n#CarlosRabascall\n#ARecuperarElFuturo\n#ElBinomioDeLaEsperanza\n#Rabascall\n#AndresArauz;2021-03-29T00:15:10.000Z
#lassoesmoreno;2021-03-28T21:47:49.076713;ebicamacho;;;https://scontent-lga3-2.cdninstagram.com/v/t51.2885-15/e35/140019212_2864811573764033_8497384677914259047_n.jpg?tp=1&_nc_ht=scontent-lga3-2.cdninstagram.com&_nc_cat=105&_nc_ohc=UMf_NV_pVGMAX9YYVu9&ccb=7-4&oh=e2b45aa9e4d7710cd00e1737f33d6098&oe=606363EC&_nc_sid=4f375e;video/mp4;;5.483;34.8k;668;Que nos respondan los clientes del #BancodeGuayaquil ¬øCuanto les bajo #Lasso en la pandemia de interes? Pero si les cobraron interes sobre interes de Marzo Abril & Mayo!.\n\n#LassoEsMoreno #CualquieraMenosLasso\n\n#EbiCamacho;2021-01-17T02:59:38.000Z
#lassoesmoreno;2021-03-28T21:48:15.293212;ebicamacho;;Photo by Ebi Camacho on January 12| 2021. May be an image of 1 person| outerwear and text that says 'M= MediosEcuatorianos Medios Ecuatorianos SI TE TOC√ì EN MESA TENDR√ÅS QUE PAGAR TU PRUEBA PCR Ministro de Salud anunci√≥ que los miembros de las Juntas Receptoras del Voto deber√°n presentar una prueba PCR negativa de coronavirus| el d√≠a de las elecciones. Esta ser√° pagada por ellos mismo.'.;https://scontent-lga3-2.cdninstagram.com/v/t51.2885-15/e35/137318611_898166357619196_304849175843854653_n.jpg?tp=1&_nc_ht=scontent-lga3-2.cdninstagram.com&_nc_cat=104&_nc_ohc=_e76bmaZwr8AX-95EU-&ccb=7-4&oh=ab0fc9a752124ca50450b768ea27ea66&oe=608C0479&_nc_sid=4f375e;;;5.483;34.8k;668;Quien tiene $60 a $80 para una #PCR?\nLos Ricos... Nebot & Lasso que se hicieron Millonarios robandonos...\n\n#LassoEsMoreno\n\n#EbiCamacho;2021-01-12T18:54:54.000Z
#lassoesmoreno;2021-03-28T21:48:41.181693;sofiaespinrcec;;;https://scontent-lga3-2.cdninstagram.com/v/t51.2885-15/e35/166051698_451576279404686_237067495909655458_n.jpg?tp=1&_nc_ht=scontent-lga3-2.cdninstagram.com&_nc_cat=102&_nc_ohc=cwF1WfmwzFYAX-MoZzJ&ccb=7-4&oh=9a736bc88efb57e0fbca1681a8f12199&oe=6063903A&_nc_sid=4f375e;video/mp4;;172;1.748;151;Con Andr√©s @ecuarauz volver√° la econom√≠a popular y solidaria üá™üá®\n\n‚ñ∂Ô∏èüî∂ Asamblea | Particip√© del encuentro de l√≠deres y liderezas del sector de la Econom√≠a Popular y Solidaria de los distintos cantones del Guayas y algunas zonas de Guayaquil. Este ha sido uno de los sectores m√°s afectados por el Gobierno de Moreno y Lasso üò§. Ya no les respetan su Ley org√°nica de Econom√≠a Popular y Solidaria que tanto empuje les di√≥.\n\nCu√°ndo retorne la Patria| volver√°n a entregar sus productos| bienes y servicios para todo el pa√≠s| porque primero ser√° Ecuador. S√≥lo as√≠ vamos a salir adelante. üá™üá®üß°üíØ\n\n#AndresPresidente #AndresArauzPresidente2021 #LassoEsMoreno;2021-03-28T19:39:54.000Z
#lassoesmoreno;2021-03-28T21:49:07.335189;ebicamacho;;;https://scontent-lga3-2.cdninstagram.com/v/t51.2885-15/e35/162694956_443183317010359_7990241375508393590_n.jpg?tp=1&_nc_ht=scontent-lga3-2.cdninstagram.com&_nc_cat=107&_nc_ohc=9Kx1OJgIQ10AX_Z1TSU&ccb=7-4&oh=5b611663d7f9023b5126c14518295b26&oe=60639088&_nc_sid=4f375e;video/mp4;;5.483;34.8k;668;Lasso es Romo\n\nGuillermoLasso junto a #Moreno & #Romo| nos mando a matar en el #ParoNacional...\nEscuchele usted al mismo #Lasso.\n#LassoEsMoreno\n\n#EbiCamacho;2021-03-21T21:46:15.000Z
#lassoesmoreno;2021-03-28T21:49:33.416681;andresarauzpresidente;;;https://scontent-lga3-2.cdninstagram.com/v/t51.2885-15/e35/163649988_442787773623661_4758534527030087835_n.jpg?tp=1&_nc_ht=scontent-lga3-2.cdninstagram.com&_nc_cat=101&_nc_ohc=ip4IzBCdbnAAX88Wz73&ccb=7-4&oh=655f4e71ca1c1b5cc17cf575af7ca045&oe=60635ACC&_nc_sid=4f375e;video/mp4;;425;16.7k;7.551;üî¥Lasso regala 5 ministerio por unos cuantos votos.\nDon Guille una vez m√°s recurriendo a REPARTIR el Estado| tal como lo han hecho en este #ElPeorGobiernoDeLaHistoria donde cogobierna.\n\nHoy se comprueba que solo busca el poder y que no les interesa en lo m√°s m√≠nimo gobernar para los ecuatorianos. #LassoEsMoreno;2021-03-25T02:56:02.000Z
#lassoesmoreno;2021-03-28T21:49:59.380166;somossemilla_ec;;;https://scontent-lga3-2.cdninstagram.com/v/t51.2885-15/e35/162210009_462832268321743_5138621371908286847_n.jpg?tp=1&_nc_ht=scontent-lga3-2.cdninstagram.com&_nc_cat=107&_nc_ohc=d2Iu7Jj8qZsAX8zrVAb&ccb=7-4&oh=f4e4486918aa0283cc43cf97e2635de6&oe=6063CDBC&_nc_sid=4f375e;video/mp4;;233;2.593;126;#Andr√©sEs #ContigoConTodosAhora Andr√©s| el presidente que Ecuador necesita.\n.\n.\n.\n.\n.\n.\n.\n.\n.\n.\n.\n#ecuador #guayaquil #quito #cuenca #elecciones2021 #lasso #lassoesmoreno #abril #presidente;2021-03-21T15:25:46.000Z
#lassoesmoreno;2021-03-28T21:50:25.287647;noticias_ecuador_;;;https://scontent-lga3-2.cdninstagram.com/v/t51.2885-15/e15/156765095_765287411038985_7154816675933170818_n.jpg?tp=1&_nc_ht=scontent-lga3-2.cdninstagram.com&_nc_cat=105&_nc_ohc=ZwAZI_wvHioAX_KKzQF&ccb=7-4&oh=318d0c0a02d9429fca1b8340345ea53d&oe=6063571B&_nc_sid=4f375e;video/mp4;;2.831;15.4k;2.692;Cuando se quiere tapar el Sol con un dedo...\nEs como cuando dice que no tiene nada que ver con el feriado bancario| pese a haber sido ministro de Econom√≠a de Mahuad...üòâ\n#LassoEsMoreno;2021-03-06T13:05:33.000Z
#lassoesmoreno;2021-03-28T21:50:51.177128;maritzatorrez1030;;;https://scontent-lga3-2.cdninstagram.com/v/t51.2885-15/e35/152931155_180323196887151_6993216418850315432_n.jpg?tp=1&_nc_ht=scontent-lga3-2.cdninstagram.com&_nc_cat=103&_nc_ohc=ehOgKyXo8pcAX-Hibdo&ccb=7-4&oh=44959d906a8653e8596f3dc9946d90ce&oe=6063CA6C&_nc_sid=4f375e;;;4;220;133;#RenunciaMoreno #LassoEsMoreno;2021-02-24T22:58:42.000Z
#lassoesmoreno;2021-03-28T21:51:17.033607;ebicamacho;;Photo by Ebi Camacho on March 19| 2021. May be an image of 14 people| people sitting and people standing.;https://scontent-lga3-2.cdninstagram.com/v/t51.2885-15/e35/161858736_280059753499976_2881543482745983439_n.jpg?tp=1&_nc_ht=scontent-lga3-2.cdninstagram.com&_nc_cat=108&_nc_ohc=U8aZWji-lo0AX-VuNdw&ccb=7-4&oh=feb62190b54e3395e188c487f8b00285&oe=60898AB4&_nc_sid=4f375e;;;5.483;34.8k;668;Querido #GuillermoLasso tienes #Diabetes| eres de la tercera edad| salud deteriorada| eres del Grupo de Alto Riesgo & te tomas fotos| sin mascarilla| sin distanciamiento perooooo #Ecuatorianos| "Sere el ultimo en vacunarme" ironia....\n\nNo creo en falsos actos de valent√≠a .!!\nNi en las estupidas temeridades.!!\nAh√≠ hay vacunas üíâ #vacunagold\n#LassoEsMoreno\n\n#EbiCamacho;2021-03-20T04:22:11.000Z
#lassoesmoreno;2021-03-28T21:51:43.068096;leidy_15s.c;;;https://scontent-lga3-2.cdninstagram.com/v/t51.2885-15/e35/165304904_158004009523879_943870030880411665_n.jpg?tp=1&_nc_ht=scontent-lga3-2.cdninstagram.com&_nc_cat=107&_nc_ohc=JCL6IKPRNiYAX-dC8XG&ccb=7-4&oh=baf5bceb298fe7310e57f3e14d3e332f&oe=6063D7B4&_nc_sid=4f375e;video/mp4;;52;360;171;#lassonuncaseraspresidente #lassoesmoreno;2021-03-29T00:51:22.000Z
#lassoesmoreno;2021-03-28T21:52:08.815569;mafiolasso;Ecuador;Photo by @mafiolasso in Ecuador. May be an image of 2 people and text.;https://scontent-lga3-2.cdninstagram.com/v/t51.2885-15/e35/165555931_186693453060815_9139287033545879358_n.jpg?tp=1&_nc_ht=scontent-lga3-2.cdninstagram.com&_nc_cat=111&_nc_ohc=l7AKsKEh6X8AX-BvtOU&ccb=7-4&oh=a9d8281c92d1fc5ba3956d858c9080a3&oe=608AB6DB&_nc_sid=4f375e;;;75;475;2.753;#lassoesmoreno;2021-03-29T00:35:09.000Z
#lassoesmoreno;2021-03-28T21:52:34.969065;diego.guevarahiguera;;;https://scontent-lga3-2.cdninstagram.com/v/t51.2885-15/e35/166023279_442467630153244_8701135552134441509_n.jpg?tp=1&_nc_ht=scontent-lga3-2.cdninstagram.com&_nc_cat=104&_nc_ohc=j9kgru582TgAX97N8tH&ccb=7-4&oh=20d9869ba51268d84513b7e63d382488&oe=60634630&_nc_sid=4f375e;video/mp4;;976;1.428;4.133;Para quienes se hab√≠an olvidado del di√°logo nacional que perdono la deuda a los banqueros| perjudicando la obra p√∫blica social de los ecuatorianos.. #LassoesMoreno #prohibidoolvidar #Arauzpresidente #arauzrabascall #RafaelCorrea #progresistasüöÇüá™üá® @mashirafaeloficial @ecuarauz @carlos.rabascall @unesecuador @rednacionaldejovenesunes @no_te_creo_lasso;2021-03-28T23:16:00.000Z
#lassoesmoreno;2021-03-28T21:53:01.195565;fuerza.ciudadana.progresista;;;https://scontent-lga3-2.cdninstagram.com/v/t51.2885-15/e35/166458584_262472398935569_7499669375583529150_n.jpg?tp=1&_nc_ht=scontent-lga3-2.cdninstagram.com&_nc_cat=105&_nc_ohc=uhhB11zERSQAX9dbAfw&tn=VHatF3IdzWAHTOWV&ccb=7-4&oh=8273e8c3701ebbf7fae48a5cb680ac9a&oe=6063458C&_nc_sid=4f375e;video/mp4;;75;36;14;Andres Arauz| servidor de carrera desde 2007| en el a√±o 2017| pidi√≥ licencia sin remuneraci√≥n por estudios por el lapso de 4 a√±os. El Sr. Arauz fue disvinculado en mayo de 2020 por compra de RENUNCIA OBLIGATORIA con indemnizaci√≥n.\n\nLo dice Ver√≥nica Artola Jarr√≠n| Gerente General del Banco Central del Ecuador.\n\n#LassoMienteUnaYOtraVez\n#LassoEsMoreno;2021-03-28T22:20:38.000Z
#lassoesmoreno;2021-03-28T21:53:27.297058;fuerza.ciudadanap.sd;;;https://scontent-lga3-2.cdninstagram.com/v/t51.2885-15/e35/165587671_2378722772260896_8466193736311297648_n.jpg?tp=1&_nc_ht=scontent-lga3-2.cdninstagram.com&_nc_cat=100&_nc_ohc=Sg7ckkO02ZcAX_JMlvD&ccb=7-4&oh=232350b485324ee94d9830320a961a9a&oe=606363B0&_nc_sid=4f375e;video/mp4;;56;59;27;Andres Arauz| servidor de carrera desde 2007| en el a√±o 2017| pidi√≥ licencia sin remuneraci√≥n por estudios por el lapso de 4 a√±os. El Sr. Arauz fue disvinculado en mayo de 2020 por compra de RENUNCIA OBLIGATORIA con indemnizaci√≥n.\n\nLo dice Ver√≥nica Artola Jarr√≠n| Gerente General del Banco Central del Ecuador.\n\n#LassoMienteUnaYOtraVez\n#LassoEsMoreno;2021-03-28T20:34:54.000Z
#lassoesmoreno;2021-03-28T21:53:54.004585;trotsky_guerrero;;;https://scontent-lga3-2.cdninstagram.com/v/t51.2885-15/e35/165109086_320367932752780_4293344317650571150_n.jpg?tp=1&_nc_ht=scontent-lga3-2.cdninstagram.com&_nc_cat=104&_nc_ohc=Hs3qw0ncLrUAX_qRrh-&ccb=7-4&oh=2670d143c427f8bacbdf029442d0d51a&oe=606360A7&_nc_sid=4f375e;video/mp4;;10;759;559;#LassoFueLeon #LassoFueMahuad #LassoFueLucio #LassoEsMoreno #VaASucerderOtraVez;2021-03-27T22:43:27.000Z
